{
    "display": {
        "title": {
            "text": "Creeper Aww Men"
        },
        "description": {
            "text": "So we back in the mine xD"
        },
        "icon": {
            "item": "minecraft:creeper_head"
        },
        "frame": "task",
        "show_toast": true,
        "announce_to_chat": false,
        "hidden": true
    },
    "criteria": {
        "criper": {
            "trigger": "minecraft:player_killed_entity",
            "conditions": {
                "entity": {
                    "type": "minecraft:creeper"
                }
            }
        }
    },
    "rewards": {
        "experience": 69
    },
    "parent": "skyblock:root"
}