{
    "display": {
        "title": {
            "text": "Dark Oak Wood"
        },
        "description": {
            "text": "Zdobadz 64 Dark Oak Log'a"
        },
        "icon": {
            "item": "minecraft:dark_oak_log"
        },
        "frame": "task",
        "show_toast": true,
        "announce_to_chat": true,
        "hidden": false
    },
    "criteria": {
        "oak": {
            "trigger": "minecraft:inventory_changed",
            "conditions": {
                "items": [
                    {
                        "item": "minecraft:dark_oak_log",
                        "count": {
                            "min": 64,
                            "max": 10000
                        }
                    }
                ]
            }
        }
    },
    "rewards": {
        "recipes": [
            "craftingi:sprucesapling"
        ],
        "experience": 10
    },
    "parent": "skyblock:oakwood"
}