{
    "display": {
        "title": {
            "text": "Emeraldziory !!!"
        },
        "description": {
            "text": "Zdobadz 32 emeraldy"
        },
        "icon": {
            "item": "minecraft:emerald"
        },
        "frame": "task",
        "show_toast": true,
        "announce_to_chat": true,
        "hidden": false
    },
    "criteria": {
        "wrungiel": {
            "trigger": "minecraft:inventory_changed",
            "conditions": {
                "items": [
                    {
                        "item": "minecraft:emerald",
                        "count": {
                            "min": 32,
                            "max": 64
                        }
                    }
                ]
            }
        }
    },
    "rewards": {
        "experience": 80
    },
    "parent": "skyblock:diament"
}