{
    "display": {
        "title": {
            "text": "Marchewki !"
        },
        "description": {
            "text": "Zdobądź 32 buraki"
        },
        "icon": {
            "item": "minecraft:carrot"
        },
        "frame": "task",
        "show_toast": true,
        "announce_to_chat": true,
        "hidden": false
    },
    "criteria": {
        "buragi": {
            "trigger": "minecraft:inventory_changed",
            "conditions": {
                "items": [
                    {
                        "item": "minecraft:beetroot",
                        "count": {
                            "min": 32,
                            "max": 64
                        }
                    }
                ]
            }
        }
    },
    "rewards": {
        "recipes": [
            "craftingi:ziemniagi"
        ],
        "experience": 20
    },
    "parent": "skyblock:burag"
}