{
    "display": {
        "title": {
            "text": "Rolnictwo Czas Start"
        },
        "description": {
            "text": "O lol masz nasiona zboża"
        },
        "icon": {
            "item": "minecraft:wheat_seeds"
        },
        "frame": "task",
        "show_toast": true,
        "announce_to_chat": true,
        "hidden": false
    },
    "criteria": {
        "Nasionko": {
            "trigger": "minecraft:inventory_changed",
            "conditions": {
                "items": [
                    {
                        "item": "minecraft:wheat_seeds",
                        "count": {
                            "min": 1,
                            "max": 32
                        }
                    }
                ]
            }
        }
    },
    "rewards": {
        "recipes": [
            "craftingi:trzcina",
            "craftingi:dynia"
        ],
        "experience": 5
    },
    "parent": "skyblock:root"
}