{
    "display": {
        "title": {
            "text": "Nether Pokonany !",
            "bold": true,
            "italic": true,
            "strikethrough": false,
            "obfuscated": false
        },
        "description": {
            "text": "Zabij Wszystkie Moby Występujące w Nether ! (wersje baby też)"
        },
        "icon": {
            "item": "minecraft:netherrack"
        },
        "frame": "challenge",
        "show_toast": true,
        "announce_to_chat": true,
        "hidden": false
    },
    "criteria": {
        "blaze": {
            "trigger": "minecraft:player_killed_entity",
            "conditions": {
                "entity": {
                    "type": "minecraft:blaze"
                }
            }
        },
        "piglin": {
            "trigger": "minecraft:player_killed_entity",
            "conditions": {
                "entity": {
                    "type": "minecraft:piglin"
                }
            }
        },
        "piglin beby": {
            "trigger": "minecraft:player_killed_entity",
            "conditions": {
                "entity": {
                    "type": "minecraft:piglin",
                    "flags": {
                        "is_baby": true
                    }
                }
            }
        },
        "brutal": {
            "trigger": "minecraft:player_killed_entity",
            "conditions": {
                "entity": {
                    "type": "minecraft:piglin_brute"
                }
            }
        },
        "pigman": {
            "trigger": "minecraft:player_killed_entity",
            "conditions": {
                "entity": {
                    "type": "minecraft:zombified_piglin"
                }
            }
        },
        "pigman kid": {
            "trigger": "minecraft:player_killed_entity",
            "conditions": {
                "entity": {
                    "type": "minecraft:zombified_piglin",
                    "flags": {
                        "is_baby": true
                    }
                }
            }
        },
        "enderman": {
            "trigger": "minecraft:player_killed_entity",
            "conditions": {
                "entity": {
                    "type": "minecraft:enderman"
                }
            }
        },
        "szkielet": {
            "trigger": "minecraft:player_killed_entity",
            "conditions": {
                "entity": {
                    "type": "minecraft:skeleton"
                }
            }
        },
        "wither skeleton": {
            "trigger": "minecraft:player_killed_entity",
            "conditions": {
                "entity": {
                    "type": "minecraft:wither_skeleton"
                }
            }
        },
        "ghast": {
            "trigger": "minecraft:player_killed_entity",
            "conditions": {
                "entity": {
                    "type": "minecraft:ghast"
                }
            }
        },
        "strider": {
            "trigger": "minecraft:player_killed_entity",
            "conditions": {
                "entity": {
                    "type": "minecraft:strider"
                }
            }
        },
        "strider beb": {
            "trigger": "minecraft:player_killed_entity",
            "conditions": {
                "entity": {
                    "type": "minecraft:strider",
                    "flags": {
                        "is_baby": true
                    }
                }
            }
        },
        "magmacube": {
            "trigger": "minecraft:player_killed_entity",
            "conditions": {
                "entity": {
                    "type": "minecraft:magma_cube"
                }
            }
        },
        "hoglin": {
            "trigger": "minecraft:player_killed_entity",
            "conditions": {
                "entity": {
                    "type": "minecraft:hoglin"
                }
            }
        },
        "hoglin beb": {
            "trigger": "minecraft:player_killed_entity",
            "conditions": {
                "entity": {
                    "type": "minecraft:hoglin",
                    "flags": {
                        "is_baby": true
                    }
                }
            }
        },
        "zoglin": {
            "trigger": "minecraft:player_killed_entity",
            "conditions": {
                "entity": {
                    "type": "minecraft:zoglin"
                }
            }
        },
        "zoglin beb": {
            "trigger": "minecraft:player_killed_entity",
            "conditions": {
                "entity": {
                    "type": "minecraft:zoglin",
                    "flags": {
                        "is_baby": true
                    }
                }
            }
        }
    },
    "rewards": {
        "experience": 500,
        "function": "fungdzje:netherkill"
    },
    "parent": "skyblock:powuerzchnia"
}