{
    "display": {
        "title": {
            "text": "Obsydian"
        },
        "description": {
            "text": "Zdobadz 4 sztuk obsydianu"
        },
        "icon": {
            "item": "minecraft:obsidian"
        },
        "frame": "task",
        "show_toast": true,
        "announce_to_chat": true,
        "hidden": false
    },
    "criteria": {
        "wrungiel": {
            "trigger": "minecraft:inventory_changed",
            "conditions": {
                "items": [
                    {
                        "item": "minecraft:obsidian",
                        "count": {
                            "min": 4,
                            "max": 64
                        }
                    }
                ]
            }
        }
    },
    "rewards": {
        "recipes": [
            "craftingi:lapis"
        ],
        "experience": 40
    },
    "parent": "skyblock:diament"
}