{
    "display": {
        "title": {
            "text": "Overworld jest Mój !",
            "bold": true,
            "italic": true
        },
        "description": {
            "text": "Zabi Wszystkie Moby Występujące Na Powierzchni (wersja baby też się liczy)"
        },
        "icon": {
            "item": "minecraft:diamond_sword"
        },
        "frame": "challenge",
        "show_toast": true,
        "announce_to_chat": true,
        "hidden": false
    },
    "criteria": {
        "zom": {
            "trigger": "minecraft:player_killed_entity",
            "conditions": {
                "entity": {
                    "type": "minecraft:zombie"
                }
            }
        },
        "zom vi": {
            "trigger": "minecraft:player_killed_entity",
            "conditions": {
                "entity": {
                    "type": "minecraft:zombie_villager"
                }
            }
        },
        "zom beb": {
            "trigger": "minecraft:player_killed_entity",
            "conditions": {
                "entity": {
                    "type": "minecraft:zombie",
                    "flags": {
                        "is_baby": true
                    }
                }
            }
        },
        "zom beb vi": {
            "trigger": "minecraft:player_killed_entity",
            "conditions": {
                "entity": {
                    "type": "minecraft:zombie_villager",
                    "flags": {
                        "is_baby": true
                    }
                }
            }
        },
        "szkie": {
            "trigger": "minecraft:player_killed_entity",
            "conditions": {
                "entity": {
                    "type": "minecraft:skeleton"
                }
            }
        },
        "enderman": {
            "trigger": "minecraft:player_killed_entity",
            "conditions": {
                "entity": {
                    "type": "minecraft:enderman"
                }
            }
        },
        "wiedz": {
            "trigger": "minecraft:player_killed_entity",
            "conditions": {
                "entity": {
                    "type": "minecraft:witch"
                }
            }
        },
        "paok": {
            "trigger": "minecraft:player_killed_entity",
            "conditions": {
                "entity": {
                    "type": "minecraft:spider"
                }
            }
        },
        "cpaok": {
            "trigger": "minecraft:player_killed_entity",
            "conditions": {
                "entity": {
                    "type": "minecraft:cave_spider"
                }
            }
        },
        "hu": {
            "trigger": "minecraft:player_killed_entity",
            "conditions": {
                "entity": {
                    "type": "minecraft:husk"
                }
            }
        },
        "hu beb": {
            "trigger": "minecraft:player_killed_entity",
            "conditions": {
                "entity": {
                    "type": "minecraft:husk",
                    "flags": {
                        "is_baby": true
                    }
                }
            }
        },
        "uto": {
            "trigger": "minecraft:player_killed_entity",
            "conditions": {
                "entity": {
                    "type": "minecraft:drowned"
                }
            }
        },
        "uto beb": {
            "trigger": "minecraft:player_killed_entity",
            "conditions": {
                "entity": {
                    "type": "minecraft:drowned",
                    "flags": {
                        "is_baby": true
                    }
                }
            }
        },
        "cree": {
            "trigger": "minecraft:player_killed_entity",
            "conditions": {
                "entity": {
                    "type": "minecraft:creeper"
                }
            }
        },
        "fan": {
            "trigger": "minecraft:player_killed_entity",
            "conditions": {
                "entity": {
                    "type": "minecraft:phantom"
                }
            }
        },
        "silver": {
            "trigger": "minecraft:player_killed_entity",
            "conditions": {
                "entity": {
                    "type": "minecraft:silverfish"
                }
            }
        },
        "evoker": {
            "trigger": "minecraft:player_killed_entity",
            "conditions": {
                "entity": {
                    "type": "minecraft:evoker"
                }
            }
        },
        "vindi": {
            "trigger": "minecraft:player_killed_entity",
            "conditions": {
                "entity": {
                    "type": "minecraft:vindicator"
                }
            }
        },
        "vex": {
            "trigger": "minecraft:player_killed_entity",
            "conditions": {
                "entity": {
                    "type": "minecraft:vex"
                }
            }
        },
        "slime": {
            "trigger": "minecraft:player_killed_entity",
            "conditions": {
                "entity": {
                    "type": "minecraft:slime"
                }
            }
        },
        "bestia": {
            "trigger": "minecraft:player_killed_entity",
            "conditions": {
                "entity": {
                    "type": "minecraft:ravager"
                }
            }
        },
        "pilager": {
            "trigger": "minecraft:player_killed_entity",
            "conditions": {
                "entity": {
                    "type": "minecraft:pillager"
                }
            }
        },
        "guardian": {
            "trigger": "minecraft:player_killed_entity",
            "conditions": {
                "entity": {
                    "type": "minecraft:guardian"
                }
            }
        },
        "elguardian": {
            "trigger": "minecraft:player_killed_entity",
            "conditions": {
                "entity": {
                    "type": "minecraft:elder_guardian"
                }
            }
        },
        "bat": {
            "trigger": "minecraft:player_killed_entity",
            "conditions": {
                "entity": {
                    "type": "minecraft:bat"
                }
            }
        },
        "bee": {
            "trigger": "minecraft:player_killed_entity",
            "conditions": {
                "entity": {
                    "type": "minecraft:bee"
                }
            }
        },
        "cat": {
            "trigger": "minecraft:player_killed_entity",
            "conditions": {
                "entity": {
                    "type": "minecraft:cat"
                }
            }
        },
        "cod ryb": {
            "trigger": "minecraft:player_killed_entity",
            "conditions": {
                "entity": {
                    "type": "minecraft:cod"
                }
            }
        },
        "kutak": {
            "trigger": "minecraft:player_killed_entity",
            "conditions": {
                "entity": {
                    "type": "minecraft:chicken"
                }
            }
        },
        "osiaol": {
            "trigger": "minecraft:player_killed_entity",
            "conditions": {
                "entity": {
                    "type": "minecraft:donkey"
                }
            }
        },
        "delfin": {
            "trigger": "minecraft:player_killed_entity",
            "conditions": {
                "entity": {
                    "type": "minecraft:dolphin"
                }
            }
        },
        "cow": {
            "trigger": "minecraft:player_killed_entity",
            "conditions": {
                "entity": {
                    "type": "minecraft:cow"
                }
            }
        },
        "fox": {
            "trigger": "minecraft:player_killed_entity",
            "conditions": {
                "entity": {
                    "type": "minecraft:fox"
                }
            }
        },
        "fox beb": {
            "trigger": "minecraft:player_killed_entity",
            "conditions": {
                "entity": {
                    "type": "minecraft:fox",
                    "flags": {
                        "is_baby": true
                    }
                }
            }
        },
        "cat beb": {
            "trigger": "minecraft:player_killed_entity",
            "conditions": {
                "entity": {
                    "type": "minecraft:cat",
                    "flags": {
                        "is_baby": true
                    }
                }
            }
        },
        "cow beb": {
            "trigger": "minecraft:player_killed_entity",
            "conditions": {
                "entity": {
                    "type": "minecraft:cow",
                    "flags": {
                        "is_baby": true
                    }
                }
            }
        },
        "kutak beb": {
            "trigger": "minecraft:player_killed_entity",
            "conditions": {
                "entity": {
                    "type": "minecraft:chicken",
                    "flags": {
                        "is_baby": true
                    }
                }
            }
        },
        "osiol beb": {
            "trigger": "minecraft:player_killed_entity",
            "conditions": {
                "entity": {
                    "type": "minecraft:donkey",
                    "flags": {
                        "is_baby": true
                    }
                }
            }
        },
        "horse": {
            "trigger": "minecraft:player_killed_entity",
            "conditions": {
                "entity": {
                    "type": "minecraft:horse"
                }
            }
        },
        "horse beb": {
            "trigger": "minecraft:player_killed_entity",
            "conditions": {
                "entity": {
                    "type": "minecraft:horse",
                    "flags": {
                        "is_baby": true
                    }
                }
            }
        },
        "moshroom": {
            "trigger": "minecraft:player_killed_entity",
            "conditions": {
                "entity": {
                    "type": "minecraft:mooshroom"
                }
            }
        },
        "moshtoom beb": {
            "trigger": "minecraft:player_killed_entity",
            "conditions": {
                "entity": {
                    "type": "minecraft:mooshroom",
                    "flags": {
                        "is_baby": true
                    }
                }
            }
        },
        "lama": {
            "trigger": "minecraft:player_killed_entity",
            "conditions": {
                "entity": {
                    "type": "minecraft:llama"
                }
            }
        },
        "lama beb": {
            "trigger": "minecraft:player_killed_entity",
            "conditions": {
                "entity": {
                    "type": "minecraft:llama",
                    "flags": {
                        "is_baby": true
                    }
                }
            }
        },
        "mule": {
            "trigger": "minecraft:player_killed_entity",
            "conditions": {
                "entity": {
                    "type": "minecraft:mule"
                }
            }
        },
        "mule beb": {
            "trigger": "minecraft:player_killed_entity",
            "conditions": {
                "entity": {
                    "type": "minecraft:mule",
                    "flags": {
                        "is_baby": true
                    }
                }
            }
        },
        "ocelot": {
            "trigger": "minecraft:player_killed_entity",
            "conditions": {
                "entity": {
                    "type": "minecraft:ocelot"
                }
            }
        },
        "ocelot beb": {
            "trigger": "minecraft:player_killed_entity",
            "conditions": {
                "entity": {
                    "type": "minecraft:ocelot",
                    "flags": {
                        "is_baby": true
                    }
                }
            }
        },
        "panda": {
            "trigger": "minecraft:player_killed_entity",
            "conditions": {
                "entity": {
                    "type": "minecraft:panda"
                }
            }
        },
        "panda beb": {
            "trigger": "minecraft:player_killed_entity",
            "conditions": {
                "entity": {
                    "type": "minecraft:panda",
                    "flags": {
                        "is_baby": true
                    }
                }
            }
        },
        "Parot": {
            "trigger": "minecraft:player_killed_entity",
            "conditions": {
                "entity": {
                    "type": "minecraft:parrot"
                }
            }
        },
        "pig": {
            "trigger": "minecraft:player_killed_entity",
            "conditions": {
                "entity": {
                    "type": "minecraft:pig"
                }
            }
        },
        "pig beb": {
            "trigger": "minecraft:player_killed_entity",
            "conditions": {
                "entity": {
                    "type": "minecraft:pig",
                    "flags": {
                        "is_baby": true
                    }
                }
            }
        },
        "pollber": {
            "trigger": "minecraft:player_killed_entity",
            "conditions": {
                "entity": {
                    "type": "minecraft:polar_bear"
                }
            }
        },
        "polber beb": {
            "trigger": "minecraft:player_killed_entity",
            "conditions": {
                "entity": {
                    "type": "minecraft:polar_bear",
                    "flags": {
                        "is_baby": true
                    }
                }
            }
        },
        "puferfish": {
            "trigger": "minecraft:player_killed_entity",
            "conditions": {
                "entity": {
                    "type": "minecraft:pufferfish"
                }
            }
        },
        "rabit": {
            "trigger": "minecraft:player_killed_entity",
            "conditions": {
                "entity": {
                    "type": "minecraft:rabbit"
                }
            }
        },
        "rabit beb": {
            "trigger": "minecraft:player_killed_entity",
            "conditions": {
                "entity": {
                    "type": "minecraft:rabbit",
                    "flags": {
                        "is_baby": true
                    }
                }
            }
        },
        "salmon ryb": {
            "trigger": "minecraft:player_killed_entity",
            "conditions": {
                "entity": {
                    "type": "minecraft:salmon"
                }
            }
        },
        "sheep": {
            "trigger": "minecraft:player_killed_entity",
            "conditions": {
                "entity": {
                    "type": "minecraft:sheep"
                }
            }
        },
        "sheep beb": {
            "trigger": "minecraft:player_killed_entity",
            "conditions": {
                "entity": {
                    "type": "minecraft:sheep",
                    "flags": {
                        "is_baby": true
                    }
                }
            }
        },
        "skeletonhorse": {
            "trigger": "minecraft:player_killed_entity",
            "conditions": {
                "entity": {
                    "type": "minecraft:skeleton_horse"
                }
            }
        },
        "squid": {
            "trigger": "minecraft:player_killed_entity",
            "conditions": {
                "entity": {
                    "type": "minecraft:squid"
                }
            }
        },
        "stray": {
            "trigger": "minecraft:player_killed_entity",
            "conditions": {
                "entity": {
                    "type": "minecraft:stray"
                }
            }
        },
        "tropical fish": {
            "trigger": "minecraft:player_killed_entity",
            "conditions": {
                "entity": {
                    "type": "minecraft:tropical_fish"
                }
            }
        },
        "turtle": {
            "trigger": "minecraft:player_killed_entity",
            "conditions": {
                "entity": {
                    "type": "minecraft:turtle"
                }
            }
        },
        "turtle beb": {
            "trigger": "minecraft:player_killed_entity",
            "conditions": {
                "entity": {
                    "type": "minecraft:turtle",
                    "flags": {
                        "is_baby": true
                    }
                }
            }
        },
        "vilager": {
            "trigger": "minecraft:player_killed_entity",
            "conditions": {
                "entity": {
                    "type": "minecraft:villager"
                }
            }
        },
        "vilager beb": {
            "trigger": "minecraft:player_killed_entity",
            "conditions": {
                "entity": {
                    "type": "minecraft:villager",
                    "flags": {
                        "is_baby": true
                    }
                }
            }
        },
        "trader vila": {
            "trigger": "minecraft:player_killed_entity",
            "conditions": {
                "entity": {
                    "type": "minecraft:wandering_trader"
                }
            }
        },
        "trading lama": {
            "trigger": "minecraft:player_killed_entity",
            "conditions": {
                "entity": {
                    "type": "minecraft:trader_llama"
                }
            }
        },
        "wolf": {
            "trigger": "minecraft:player_killed_entity",
            "conditions": {
                "entity": {
                    "type": "minecraft:wolf"
                }
            }
        },
        "wolf beb": {
            "trigger": "minecraft:player_killed_entity",
            "conditions": {
                "entity": {
                    "type": "minecraft:wolf",
                    "flags": {
                        "is_baby": true
                    }
                }
            }
        },
        "zomhors": {
            "trigger": "minecraft:player_killed_entity",
            "conditions": {
                "entity": {
                    "type": "minecraft:zombie_horse"
                }
            }
        }
    },
    "rewards": {
        "experience": 1000,
        "function": "fungdzje:powierzchnia"
    },
    "parent": "skyblock:spoceniec"
}