{
    "display": {
        "title": {
            "text": "Ostry TRYHARD",
            "bold": true
        },
        "description": {
            "text": "Zabij wszystkie agresywne moby wystepujace w normalnym swiecie (zombi, szkielet, wiedzma, pajak, posuch, utopiec, creeper, fantom, enderman)"
        },
        "icon": {
            "item": "minecraft:zombie_head"
        },
        "frame": "challenge",
        "show_toast": true,
        "announce_to_chat": true,
        "hidden": false
    },
    "criteria": {
        "zombi": {
            "trigger": "minecraft:player_killed_entity",
            "conditions": {
                "entity": {
                    "type": "minecraft:zombie"
                }
            }
        },
        "witch": {
            "trigger": "minecraft:player_killed_entity",
            "conditions": {
                "entity": {
                    "type": "minecraft:witch"
                }
            }
        },
        "creeper": {
            "trigger": "minecraft:player_killed_entity",
            "conditions": {
                "entity": {
                    "type": "minecraft:creeper"
                }
            }
        },
        "skeleton": {
            "trigger": "minecraft:player_killed_entity",
            "conditions": {
                "entity": {
                    "type": "minecraft:skeleton"
                }
            }
        },
        "enderman": {
            "trigger": "minecraft:player_killed_entity",
            "conditions": {
                "entity": {
                    "type": "minecraft:enderman"
                }
            }
        },
        "spider": {
            "trigger": "minecraft:player_killed_entity",
            "conditions": {
                "entity": {
                    "type": "minecraft:spider"
                }
            }
        },
        "husk": {
            "trigger": "minecraft:player_killed_entity",
            "conditions": {
                "entity": {
                    "type": "minecraft:husk"
                }
            }
        },
        "utopiec": {
            "trigger": "minecraft:player_killed_entity",
            "conditions": {
                "entity": {
                    "type": "minecraft:drowned"
                }
            }
        },
        "fantom": {
            "trigger": "minecraft:player_killed_entity",
            "conditions": {
                "entity": {
                    "type": "minecraft:phantom"
                }
            }
        }
    },
    "rewards": {
        "experience": 40,
        "function": "fungdzje:tryhard"
    },
    "parent": "skyblock:root"
}