{
    "display": {
        "title": {
            "text": "Zelazo !!!"
        },
        "description": {
            "text": "Zdobadz 32 żelaza"
        },
        "icon": {
            "item": "minecraft:iron_ingot"
        },
        "frame": "task",
        "show_toast": true,
        "announce_to_chat": true,
        "hidden": false
    },
    "criteria": {
        "wrungiel": {
            "trigger": "minecraft:inventory_changed",
            "conditions": {
                "items": [
                    {
                        "item": "minecraft:iron_ingot",
                        "count": {
                            "min": 32,
                            "max": 64
                        }
                    }
                ]
            }
        }
    },
    "rewards": {
        "recipes": [
            "craftingi:zloto"
        ],
        "experience": 30
    },
    "parent": "skyblock:wingiel"
}