{
    "display": {
        "title": {
            "text": "Brodawki"
        },
        "description": {
            "text": "Zbierz 10 brodawek z twierdzy"
        },
        "icon": {
            "item": "minecraft:nether_wart"
        },
        "frame": "task",
        "show_toast": true,
        "announce_to_chat": true,
        "hidden": false
    },
    "criteria": {
        "brodawki": {
            "trigger": "minecraft:inventory_changed",
            "conditions": {
                "items": [
                    {
                        "item": "minecraft:nether_wart",
                        "count": {
                            "min": 10,
                            "max": 64
                        }
                    }
                ]
            }
        }
    },
    "rewards": {
        "experience": 10
    },
    "parent": "netherskyblock:forteca"
}