{
    "display": {
        "title": {
            "text": "Nether !!!",
            "bold": false,
            "italic": false,
            "underlined": false,
            "strikethrough": false,
            "obfuscated": false
        },
        "description": {
            "text": "To tutaj też są wyspy ???",
            "bold": true
        },
        "icon": {
            "item": "minecraft:netherrack"
        },
        "frame": "task",
        "show_toast": true,
        "announce_to_chat": true,
        "hidden": false,
        "background": "minecraft:textures/block/netherrack.png"
    },
    "criteria": {
        "nether": {
            "trigger": "minecraft:location",
            "conditions": {
                "location": {
                    "dimension": "the_nether"
                }
            }
        }
    }
}